	full_img_path	annotation	x	y	width	height
726	Data/annotations/csv/Product15/IMG_6538.JPG	9702910116_THERABREATH ORAL RINSE MINT	0.914367	0.422867	0.080529	0.207614
727	Data/annotations/csv/Product15/IMG_6539.JPG	9702910116_THERABREATH ORAL RINSE MINT	0.965851	0.445230	0.068297	0.221770
728	Data/annotations/csv/Product15/IMG_6536.JPG	9702910116_THERABREATH ORAL RINSE MINT	0.934955	0.314980	0.066845	0.194638
729	Data/annotations/csv/Product15/IMG_6533.JPG	9702910116_THERABREATH ORAL RINSE MINT	0.965872	0.271922	0.068256	0.240349
730	Data/annotations/csv/Product15/IMG_6537.JPG	9702910116_THERABREATH ORAL RINSE MINT	0.927657	0.370064	0.071470	0.190250
731	Data/annotations/csv/Product15/IMG_6535.JPG	9702910116_THERABREATH ORAL RINSE MINT	0.951878	0.308539	0.096244	0.208794
732	Data/annotations/csv/Product15/IMG_6534.JPG	9702910116_THERABREATH ORAL RINSE MINT	0.954406	0.284547	0.091189	0.222654
12701	Data/annotations/csv/06-20 Product1/IMG_20210618_165534.JPG	9702910116_THERABREATH ORAL RINSE MINT	0.500000	0.547188	0.196246	0.409829
12702	Data/annotations/csv/06-20 Product1/IMG_20210618_165527.JPG	9702910116_THERABREATH ORAL RINSE MINT	0.460423	0.598071	0.371315	0.726698
12703	Data/annotations/csv/06-20 Product1/IMG_20210618_165537.JPG	9702910116_THERABREATH ORAL RINSE MINT	0.487980	0.549640	0.196246	0.393712
12704	Data/annotations/csv/06-20 Product1/IMG_20210618_165538.JPG	9702910116_THERABREATH ORAL RINSE MINT	0.493824	0.548037	0.195265	0.389015
12705	Data/annotations/csv/06-20 Product1/IMG_20210618_165540.JPG	9702910116_THERABREATH ORAL RINSE MINT	0.503289	0.543475	0.190113	0.386805
12706	Data/annotations/csv/06-20 Product1/IMG_20210618_165541.JPG	9702910116_THERABREATH ORAL RINSE MINT	0.508452	0.556777	0.185207	0.379437
12707	Data/annotations/csv/06-20 Product1/IMG_20210618_165526.JPG	9702910116_THERABREATH ORAL RINSE MINT	0.428979	0.576674	0.389282	0.746484
12708	Data/annotations/csv/06-20 Product1/IMG_20210618_165542.JPG	9702910116_THERABREATH ORAL RINSE MINT	0.532507	0.550738	0.186434	0.392331
12709	Data/annotations/csv/06-20 Product1/IMG_20210618_165535.JPG	9702910116_THERABREATH ORAL RINSE MINT	0.473085	0.556835	0.205062	0.397166
12710	Data/annotations/csv/06-20 Product1/IMG_20210618_165732.JPG	9702910116_THERABREATH ORAL RINSE MINT	0.485389	0.415720	0.180301	0.399698
12711	Data/annotations/csv/06-20 Product1/IMG_20210618_165543.JPG	9702910116_THERABREATH ORAL RINSE MINT	0.550620	0.539356	0.187660	0.391410
12712	Data/annotations/csv/06-20 Product1/IMG_20210618_165547.JPG	9702910116_THERABREATH ORAL RINSE MINT	0.447167	0.513763	0.181527	0.365438
12713	Data/annotations/csv/06-20 Product1/IMG_20210618_165548.JPG	9702910116_THERABREATH ORAL RINSE MINT	0.407672	0.527229	0.185207	0.365623
12714	Data/annotations/csv/06-20 Product1/IMG_20210618_165549.JPG	9702910116_THERABREATH ORAL RINSE MINT	0.444423	0.553951	0.175640	0.358807
12715	Data/annotations/csv/06-20 Product1/IMG_20210618_165551.JPG	9702910116_THERABREATH ORAL RINSE MINT	0.449628	0.559843	0.176621	0.354387
12716	Data/annotations/csv/06-20 Product1/IMG_20210618_165552.JPG	9702910116_THERABREATH ORAL RINSE MINT	0.441540	0.580374	0.181527	0.357334
12717	Data/annotations/csv/06-20 Product1/IMG_20210618_165553.JPG	9702910116_THERABREATH ORAL RINSE MINT	0.512997	0.560930	0.187660	0.357334
12718	Data/annotations/csv/06-20 Product1/IMG_20210618_165554.JPG	9702910116_THERABREATH ORAL RINSE MINT	0.571174	0.561926	0.190113	0.359176
12719	Data/annotations/csv/06-20 Product1/IMG_20210618_165601.JPG	9702910116_THERABREATH ORAL RINSE MINT	0.559272	0.491383	0.262556	0.535310
12720	Data/annotations/csv/06-20 Product1/IMG_20210618_165603.JPG	9702910116_THERABREATH ORAL RINSE MINT	0.585083	0.494653	0.243391	0.525237
12721	Data/annotations/csv/06-20 Product1/IMG_20210618_165603__01.JPG	9702910116_THERABREATH ORAL RINSE MINT	0.575011	0.486456	0.256806	0.543944
12722	Data/annotations/csv/06-20 Product1/IMG_20210618_165742.JPG	9702910116_THERABREATH ORAL RINSE MINT	0.485818	0.395544	0.126382	0.277026
12723	Data/annotations/csv/06-20 Product1/IMG_20210618_165605.JPG	9702910116_THERABREATH ORAL RINSE MINT	0.554865	0.479854	0.262556	0.555456
12724	Data/annotations/csv/06-20 Product1/IMG_20210618_165744.JPG	9702910116_THERABREATH ORAL RINSE MINT	0.510372	0.398685	0.126382	0.274079
12725	Data/annotations/csv/06-20 Product1/IMG_20210618_165546.JPG	9702910116_THERABREATH ORAL RINSE MINT	0.468978	0.511278	0.181527	0.358255
12726	Data/annotations/csv/06-20 Product1/IMG_20210618_165523.JPG	9702910116_THERABREATH ORAL RINSE MINT	0.423943	0.522736	0.392875	0.762673
12727	Data/annotations/csv/06-20 Product1/IMG_20210618_165524.JPG	9702910116_THERABREATH ORAL RINSE MINT	0.416618	0.527836	0.402457	0.780661
12728	Data/annotations/csv/06-20 Product1/IMG_20210618_165954.JPG	9702910116_THERABREATH ORAL RINSE MINT	0.421017	0.457271	0.521039	0.914542
12729	Data/annotations/csv/06-20 Product1/IMG_20210618_165457.JPG	9702910116_THERABREATH ORAL RINSE MINT	0.477388	0.544362	0.433600	0.859806
12730	Data/annotations/csv/06-20 Product1/IMG_20210618_165458 (1).JPG	9702910116_THERABREATH ORAL RINSE MINT	0.456937	0.543386	0.431204	0.892184
12731	Data/annotations/csv/06-20 Product1/IMG_20210618_165458.JPG	9702910116_THERABREATH ORAL RINSE MINT	0.457205	0.549316	0.426413	0.883190
12732	Data/annotations/csv/06-20 Product1/IMG_20210618_165459.JPG	9702910116_THERABREATH ORAL RINSE MINT	0.473313	0.526994	0.424018	0.893982
12733	Data/annotations/csv/06-20 Product1/IMG_20210618_165500.JPG	9702910116_THERABREATH ORAL RINSE MINT	0.464496	0.520002	0.455160	0.935354
12734	Data/annotations/csv/06-20 Product1/IMG_20210618_165501.JPG	9702910116_THERABREATH ORAL RINSE MINT	0.439904	0.524290	0.450369	0.951419
12735	Data/annotations/csv/06-20 Product1/IMG_20210618_165502.JPG	9702910116_THERABREATH ORAL RINSE MINT	0.447344	0.495737	0.479116	0.991473
12736	Data/annotations/csv/06-20 Product1/IMG_20210618_165504.JPG	9702910116_THERABREATH ORAL RINSE MINT	0.434689	0.507196	0.471929	0.955140
12737	Data/annotations/csv/06-20 Product1/IMG_20210618_165505.JPG	9702910116_THERABREATH ORAL RINSE MINT	0.394548	0.504036	0.485105	0.984820
12738	Data/annotations/csv/06-20 Product1/IMG_20210618_165506.JPG	9702910116_THERABREATH ORAL RINSE MINT	0.435435	0.513430	0.476122	0.973140
12739	Data/annotations/csv/06-20 Product1/IMG_20210618_165746.JPG	9702910116_THERABREATH ORAL RINSE MINT	0.596091	0.400309	0.130307	0.280562
12740	Data/annotations/csv/06-20 Product1/IMG_20210618_165508.JPG	9702910116_THERABREATH ORAL RINSE MINT	0.355234	0.505906	0.416831	0.888586
12741	Data/annotations/csv/06-20 Product1/IMG_20210618_165510.JPG	9702910116_THERABREATH ORAL RINSE MINT	0.387331	0.527209	0.416232	0.888136
12742	Data/annotations/csv/06-20 Product1/IMG_20210618_165511.JPG	9702910116_THERABREATH ORAL RINSE MINT	0.399307	0.525196	0.424018	0.904775
12743	Data/annotations/csv/06-20 Product1/IMG_20210618_165512.JPG	9702910116_THERABREATH ORAL RINSE MINT	0.402276	0.517758	0.425215	0.935354
12744	Data/annotations/csv/06-20 Product1/IMG_20210618_165514.JPG	9702910116_THERABREATH ORAL RINSE MINT	0.421728	0.495701	0.434199	0.969081
12745	Data/annotations/csv/06-20 Product1/IMG_20210618_165515.JPG	9702910116_THERABREATH ORAL RINSE MINT	0.484843	0.500076	0.443182	0.994713
12746	Data/annotations/csv/06-20 Product1/IMG_20210618_165517.JPG	9702910116_THERABREATH ORAL RINSE MINT	0.444429	0.500000	0.455160	1.000000
12747	Data/annotations/csv/06-20 Product1/IMG_20210618_165521.JPG	9702910116_THERABREATH ORAL RINSE MINT	0.512426	0.479478	0.398265	0.793702
12748	Data/annotations/csv/06-20 Product1/IMG_20210618_165522.JPG	9702910116_THERABREATH ORAL RINSE MINT	0.434679	0.501227	0.402457	0.778862
12749	Data/annotations/csv/06-20 Product1/IMG_20210618_165607.JPG	9702910116_THERABREATH ORAL RINSE MINT	0.522998	0.479129	0.258723	0.564810
12750	Data/annotations/csv/06-20 Product1/IMG_20210618_165745.JPG	9702910116_THERABREATH ORAL RINSE MINT	0.533806	0.388545	0.131877	0.284688
12751	Data/annotations/csv/06-20 Product1/IMG_20210618_165525.JPG	9702910116_THERABREATH ORAL RINSE MINT	0.439364	0.547042	0.380897	0.755478
12752	Data/annotations/csv/06-20 Product1/IMG_20210618_165609.JPG	9702910116_THERABREATH ORAL RINSE MINT	0.480662	0.467133	0.252973	0.551139
12753	Data/annotations/csv/06-20 Product1/IMG_20210618_165625.JPG	9702910116_THERABREATH ORAL RINSE MINT	0.532254	0.589885	0.094449	0.196912
12754	Data/annotations/csv/06-20 Product1/IMG_20210618_165613.JPG	9702910116_THERABREATH ORAL RINSE MINT	0.481786	0.541124	0.229976	0.492140
12755	Data/annotations/csv/06-20 Product1/IMG_20210618_165659.JPG	9702910116_THERABREATH ORAL RINSE MINT	0.445302	0.566848	0.361733	0.802246
12756	Data/annotations/csv/06-20 Product1/IMG_20210618_165700.JPG	9702910116_THERABREATH ORAL RINSE MINT	0.444846	0.552493	0.366524	0.813038
12757	Data/annotations/csv/06-20 Product1/IMG_20210618_165702.JPG	9702910116_THERABREATH ORAL RINSE MINT	0.483679	0.551137	0.366045	0.811599
12758	Data/annotations/csv/06-20 Product1/IMG_20210618_165702__01.JPG	9702910116_THERABREATH ORAL RINSE MINT	0.475058	0.542636	0.376106	0.841818
12759	Data/annotations/csv/06-20 Product1/IMG_20210618_165739.JPG	9702910116_THERABREATH ORAL RINSE MINT	0.557451	0.414067	0.127952	0.281152
12760	Data/annotations/csv/06-20 Product1/IMG_20210618_165705.JPG	9702910116_THERABREATH ORAL RINSE MINT	0.380298	0.563414	0.350713	0.810160
12761	Data/annotations/csv/06-20 Product1/IMG_20210618_165706.JPG	9702910116_THERABREATH ORAL RINSE MINT	0.392967	0.562126	0.366524	0.814837
12762	Data/annotations/csv/06-20 Product1/IMG_20210618_165707.JPG	9702910116_THERABREATH ORAL RINSE MINT	0.412950	0.561440	0.364128	0.813038
12763	Data/annotations/csv/06-20 Product1/IMG_20210618_165708.JPG	9702910116_THERABREATH ORAL RINSE MINT	0.454258	0.571739	0.359337	0.807642
12764	Data/annotations/csv/06-20 Product1/IMG_20210618_165709.JPG	9702910116_THERABREATH ORAL RINSE MINT	0.480667	0.563109	0.360295	0.814477
12765	Data/annotations/csv/06-20 Product1/IMG_20210618_165710.JPG	9702910116_THERABREATH ORAL RINSE MINT	0.508118	0.543343	0.354546	0.828867
12766	Data/annotations/csv/06-20 Product1/IMG_20210618_165738.JPG	9702910116_THERABREATH ORAL RINSE MINT	0.555179	0.427071	0.130504	0.289551
12767	Data/annotations/csv/06-20 Product1/IMG_20210618_165711.JPG	9702910116_THERABREATH ORAL RINSE MINT	0.526342	0.500407	0.371315	0.847215
12768	Data/annotations/csv/06-20 Product1/IMG_20210618_165712.JPG	9702910116_THERABREATH ORAL RINSE MINT	0.493459	0.505871	0.376106	0.820233
12769	Data/annotations/csv/06-20 Product1/IMG_20210618_165713.JPG	9702910116_THERABREATH ORAL RINSE MINT	0.506202	0.495404	0.359337	0.791453
12770	Data/annotations/csv/06-20 Product1/IMG_20210618_165718.JPG	9702910116_THERABREATH ORAL RINSE MINT	0.406293	0.467973	0.352629	0.777063
12771	Data/annotations/csv/06-20 Product1/IMG_20210618_165735.JPG	9702910116_THERABREATH ORAL RINSE MINT	0.443357	0.405057	0.193793	0.423643
12772	Data/annotations/csv/06-20 Product1/IMG_20210618_165720.JPG	9702910116_THERABREATH ORAL RINSE MINT	0.534309	0.465629	0.348796	0.771307
12773	Data/annotations/csv/06-20 Product1/IMG_20210618_165724.JPG	9702910116_THERABREATH ORAL RINSE MINT	0.388935	0.441598	0.356941	0.786057
12774	Data/annotations/csv/06-20 Product1/IMG_20210618_165725.JPG	9702910116_THERABREATH ORAL RINSE MINT	0.400896	0.474239	0.341131	0.738210
12775	Data/annotations/csv/06-20 Product1/IMG_20210618_165734.JPG	9702910116_THERABREATH ORAL RINSE MINT	0.453668	0.404611	0.185514	0.417887
12776	Data/annotations/csv/06-20 Product1/IMG_20210618_165729.JPG	9702910116_THERABREATH ORAL RINSE MINT	0.477154	0.425154	0.176621	0.402461
12777	Data/annotations/csv/06-20 Product1/IMG_20210618_165730.JPG	9702910116_THERABREATH ORAL RINSE MINT	0.490709	0.422040	0.174168	0.387726
12778	Data/annotations/csv/06-20 Product1/IMG_20210618_165658.JPG	9702910116_THERABREATH ORAL RINSE MINT	0.395357	0.584081	0.354546	0.780661
12779	Data/annotations/csv/06-20 Product1/IMG_20210618_165610.JPG	9702910116_THERABREATH ORAL RINSE MINT	0.447911	0.458545	0.247224	0.549700
12780	Data/annotations/csv/06-20 Product1/IMG_20210618_165657.JPG	9702910116_THERABREATH ORAL RINSE MINT	0.383195	0.600389	0.359337	0.775264
12781	Data/annotations/csv/06-20 Product1/IMG_20210618_165648.JPG	9702910116_THERABREATH ORAL RINSE MINT	0.572096	0.543018	0.089174	0.186727
12782	Data/annotations/csv/06-20 Product1/IMG_20210618_165614.JPG	9702910116_THERABREATH ORAL RINSE MINT	0.427113	0.533270	0.243774	0.507681
12783	Data/annotations/csv/06-20 Product1/IMG_20210618_165617.JPG	9702910116_THERABREATH ORAL RINSE MINT	0.493614	0.528748	0.260639	0.555456
12784	Data/annotations/csv/06-20 Product1/IMG_20210618_165621.JPG	9702910116_THERABREATH ORAL RINSE MINT	0.526650	0.557528	0.094449	0.194649
12785	Data/annotations/csv/06-20 Product1/IMG_20210618_165622.JPG	9702910116_THERABREATH ORAL RINSE MINT	0.521594	0.566914	0.095956	0.196158
12786	Data/annotations/csv/06-20 Product1/IMG_20210618_165624.JPG	9702910116_THERABREATH ORAL RINSE MINT	0.509065	0.583594	0.092942	0.196158
12787	Data/annotations/csv/06-20 Product1/IMG_20210618_165733.JPG	9702910116_THERABREATH ORAL RINSE MINT	0.482683	0.406145	0.188887	0.407066
12788	Data/annotations/csv/06-20 Product1/IMG_20210618_165626.JPG	9702910116_THERABREATH ORAL RINSE MINT	0.539547	0.593605	0.091058	0.194743
12789	Data/annotations/csv/06-20 Product1/IMG_20210618_165741.JPG	9702910116_THERABREATH ORAL RINSE MINT	0.500308	0.411286	0.123242	0.271132
12790	Data/annotations/csv/06-20 Product1/IMG_20210618_165627.JPG	9702910116_THERABREATH ORAL RINSE MINT	0.505095	0.596469	0.091058	0.197573
12791	Data/annotations/csv/06-20 Product1/IMG_20210618_165628.JPG	9702910116_THERABREATH ORAL RINSE MINT	0.516603	0.614890	0.095454	0.199459
12792	Data/annotations/csv/06-20 Product1/IMG_20210618_165630.JPG	9702910116_THERABREATH ORAL RINSE MINT	0.481002	0.609583	0.101106	0.207003
12793	Data/annotations/csv/06-20 Product1/IMG_20210618_165631.JPG	9702910116_THERABREATH ORAL RINSE MINT	0.452448	0.602848	0.096710	0.206060
12794	Data/annotations/csv/06-20 Product1/IMG_20210618_165632.JPG	9702910116_THERABREATH ORAL RINSE MINT	0.450614	0.588988	0.093947	0.207097
12795	Data/annotations/csv/06-20 Product1/IMG_20210618_165634.JPG	9702910116_THERABREATH ORAL RINSE MINT	0.435775	0.576553	0.097338	0.200402
12796	Data/annotations/csv/06-20 Product1/IMG_20210618_165636.JPG	9702910116_THERABREATH ORAL RINSE MINT	0.473354	0.584981	0.095454	0.201816
12797	Data/annotations/csv/06-20 Product1/IMG_20210618_165637.JPG	9702910116_THERABREATH ORAL RINSE MINT	0.479406	0.602619	0.092942	0.196629
12798	Data/annotations/csv/06-20 Product1/IMG_20210618_165638.JPG	9702910116_THERABREATH ORAL RINSE MINT	0.517599	0.612058	0.095454	0.199459
12799	Data/annotations/csv/06-20 Product1/IMG_20210618_165641.JPG	9702910116_THERABREATH ORAL RINSE MINT	0.441766	0.592979	0.094198	0.196629
12800	Data/annotations/csv/06-20 Product1/IMG_20210618_165642.JPG	9702910116_THERABREATH ORAL RINSE MINT	0.434324	0.589484	0.092314	0.193800
12801	Data/annotations/csv/06-20 Product1/IMG_20210618_165644.JPG	9702910116_THERABREATH ORAL RINSE MINT	0.474582	0.572484	0.088546	0.190500
12802	Data/annotations/csv/06-20 Product1/IMG_20210618_165645.JPG	9702910116_THERABREATH ORAL RINSE MINT	0.486857	0.552474	0.089802	0.189556
12803	Data/annotations/csv/06-20 Product1/IMG_20210618_165740.JPG	9702910116_THERABREATH ORAL RINSE MINT	0.520958	0.415683	0.126382	0.272311
12804	Data/annotations/csv/06-20 Product1/IMG_20210618_165646.JPG	9702910116_THERABREATH ORAL RINSE MINT	0.498191	0.548497	0.086034	0.188142
12805	Data/annotations/csv/06-20 Product1/IMG_20210618_165656.JPG	9702910116_THERABREATH ORAL RINSE MINT	0.344767	0.574502	0.362331	0.813938
12806	Data/annotations/csv/06-20 Product1/IMG_20210618_165445.JPG	9702910116_THERABREATH ORAL RINSE MINT	0.347070	0.500000	0.586917	1.000000
31365	Data/annotations/csv/Product17/IMG_6772.JPG	9702910116_THERABREATH ORAL RINSE MINT	0.777924	0.665067	0.118922	0.270451
31366	Data/annotations/csv/Product17/IMG_6721.JPG	9702910116_THERABREATH ORAL RINSE MINT	0.974052	0.373340	0.051897	0.339502
31367	Data/annotations/csv/Product17/IMG_6728.JPG	9702910116_THERABREATH ORAL RINSE MINT	0.901625	0.350288	0.110482	0.236616
31368	Data/annotations/csv/Product17/IMG_6725.JPG	9702910116_THERABREATH ORAL RINSE MINT	0.914123	0.407978	0.094278	0.234958
31369	Data/annotations/csv/Product17/IMG_6723.JPG	9702910116_THERABREATH ORAL RINSE MINT	0.968445	0.408749	0.063110	0.303825
31370	Data/annotations/csv/Product17/IMG_6775.JPG	9702910116_THERABREATH ORAL RINSE MINT	0.782819	0.707873	0.098206	0.225567
31371	Data/annotations/csv/Product17/IMG_6774.JPG	9702910116_THERABREATH ORAL RINSE MINT	0.828292	0.702417	0.105879	0.238227
31372	Data/annotations/csv/Product17/IMG_6773.JPG	9702910116_THERABREATH ORAL RINSE MINT	0.805268	0.679084	0.114165	0.255950
31373	Data/annotations/csv/Product17/IMG_6727.JPG	9702910116_THERABREATH ORAL RINSE MINT	0.914580	0.398601	0.112937	0.234958
31374	Data/annotations/csv/Product17/IMG_6768.JPG	9702910116_THERABREATH ORAL RINSE MINT	0.921907	0.351353	0.156186	0.349860
31375	Data/annotations/csv/Product17/IMG_6771.JPG	9702910116_THERABREATH ORAL RINSE MINT	0.780655	0.619910	0.142399	0.288174
31376	Data/annotations/csv/Product17/IMG_6726.JPG	9702910116_THERABREATH ORAL RINSE MINT	0.903391	0.390795	0.095137	0.229020
31377	Data/annotations/csv/Product17/IMG_6769.JPG	9702910116_THERABREATH ORAL RINSE MINT	0.846752	0.450899	0.161120	0.327993
31378	Data/annotations/csv/Product17/IMG_6724.JPG	9702910116_THERABREATH ORAL RINSE MINT	0.892067	0.421025	0.096979	0.255029
31379	Data/annotations/csv/Product17/IMG_6770.JPG	9702910116_THERABREATH ORAL RINSE MINT	0.738073	0.567739	0.147309	0.310731
31380	Data/annotations/csv/Product17/IMG_6745.JPG	9702910116_THERABREATH ORAL RINSE MINT	0.873709	0.428656	0.064816	0.150992
31381	Data/annotations/csv/Product17/IMG_6763.JPG	9702910116_THERABREATH ORAL RINSE MINT	0.940161	0.518555	0.119677	0.288864
31382	Data/annotations/csv/Product17/IMG_6752.JPG	9702910116_THERABREATH ORAL RINSE MINT	0.732703	0.394582	0.094278	0.190766
31383	Data/annotations/csv/Product17/IMG_6738.JPG	9702910116_THERABREATH ORAL RINSE MINT	0.860432	0.481644	0.139944	0.283570
31384	Data/annotations/csv/Product17/IMG_6751.JPG	9702910116_THERABREATH ORAL RINSE MINT	0.786041	0.415283	0.108027	0.199788
31385	Data/annotations/csv/Product17/IMG_6739.JPG	9702910116_THERABREATH ORAL RINSE MINT	0.891398	0.485407	0.154982	0.293468
31386	Data/annotations/csv/Product17/IMG_6750.JPG	9702910116_THERABREATH ORAL RINSE MINT	0.725890	0.428492	0.081511	0.167933
31387	Data/annotations/csv/Product17/IMG_6740.JPG	9702910116_THERABREATH ORAL RINSE MINT	0.958053	0.481733	0.083893	0.327274
31388	Data/annotations/csv/Product17/IMG_6737.JPG	9702910116_THERABREATH ORAL RINSE MINT	0.822212	0.474745	0.149273	0.289463
31389	Data/annotations/csv/Product17/IMG_6749.JPG	9702910116_THERABREATH ORAL RINSE MINT	0.771368	0.438712	0.083279	0.162630
31390	Data/annotations/csv/Product17/IMG_6748.JPG	9702910116_THERABREATH ORAL RINSE MINT	0.769131	0.443861	0.090350	0.156148
31391	Data/annotations/csv/Product17/IMG_6742.JPG	9702910116_THERABREATH ORAL RINSE MINT	0.925908	0.445680	0.104344	0.235695
31392	Data/annotations/csv/Product17/IMG_6743.JPG	9702910116_THERABREATH ORAL RINSE MINT	0.900374	0.442526	0.093296	0.204392
31393	Data/annotations/csv/Product17/IMG_6747.JPG	9702910116_THERABREATH ORAL RINSE MINT	0.835079	0.444516	0.076994	0.147309
31394	Data/annotations/csv/Product17/IMG_6746.JPG	9702910116_THERABREATH ORAL RINSE MINT	0.816294	0.449803	0.064423	0.138471
31395	Data/annotations/csv/Product17/IMG_6744.JPG	9702910116_THERABREATH ORAL RINSE MINT	0.884412	0.412060	0.065798	0.161304
31396	Data/annotations/csv/Product17/IMG_6741.JPG	9702910116_THERABREATH ORAL RINSE MINT	0.972497	0.452334	0.055007	0.267574
31397	Data/annotations/csv/Product17/IMG_6729.JPG	9702910116_THERABREATH ORAL RINSE MINT	0.880066	0.317308	0.100661	0.218202
31398	Data/annotations/csv/Product17/IMG_6753.JPG	9702910116_THERABREATH ORAL RINSE MINT	0.747541	0.398391	0.105081	0.201814
31399	Data/annotations/csv/Product17/IMG_6754.JPG	9702910116_THERABREATH ORAL RINSE MINT	0.876943	0.418255	0.123740	0.229066
31400	Data/annotations/csv/Product17/IMG_6730.JPG	9702910116_THERABREATH ORAL RINSE MINT	0.819348	0.327388	0.109254	0.210836
31401	Data/annotations/csv/Product17/IMG_6762.JPG	9702910116_THERABREATH ORAL RINSE MINT	0.949830	0.527062	0.100339	0.310731
31402	Data/annotations/csv/Product17/IMG_6731.JPG	9702910116_THERABREATH ORAL RINSE MINT	0.751302	0.340200	0.110482	0.220043
31403	Data/annotations/csv/Product17/IMG_6761.JPG	9702910116_THERABREATH ORAL RINSE MINT	0.926810	0.525969	0.146381	0.338063
31404	Data/annotations/csv/Product17/IMG_6760.JPG	9702910116_THERABREATH ORAL RINSE MINT	0.939450	0.513750	0.121100	0.314183
31405	Data/annotations/csv/Product17/IMG_6732.JPG	9702910116_THERABREATH ORAL RINSE MINT	0.716895	0.318227	0.117847	0.244533
31406	Data/annotations/csv/Product17/IMG_6736.JPG	9702910116_THERABREATH ORAL RINSE MINT	0.731276	0.491530	0.155166	0.306403
31407	Data/annotations/csv/Product17/IMG_6759.JPG	9702910116_THERABREATH ORAL RINSE MINT	0.975365	0.498679	0.049270	0.283110
31408	Data/annotations/csv/Product17/IMG_6758.JPG	9702910116_THERABREATH ORAL RINSE MINT	0.966890	0.477578	0.066220	0.356765
31409	Data/annotations/csv/Product17/IMG_6757.JPG	9702910116_THERABREATH ORAL RINSE MINT	0.978211	0.496101	0.043579	0.299222
31410	Data/annotations/csv/Product17/IMG_6734.JPG	9702910116_THERABREATH ORAL RINSE MINT	0.682620	0.440410	0.147309	0.315334
31411	Data/annotations/csv/Product17/IMG_6756.JPG	9702910116_THERABREATH ORAL RINSE MINT	0.977918	0.498892	0.044163	0.237076
31412	Data/annotations/csv/Product17/IMG_6755.JPG	9702910116_THERABREATH ORAL RINSE MINT	0.952230	0.451514	0.095541	0.267919
31413	Data/annotations/csv/Product17/IMG_6735.JPG	9702910116_THERABREATH ORAL RINSE MINT	0.661058	0.470170	0.160076	0.304930
31414	Data/annotations/csv/Product17/IMG_6733.JPG	9702910116_THERABREATH ORAL RINSE MINT	0.717596	0.313064	0.143627	0.290936
39056	Data/annotations/csv/Product9/IMG_6393.JPG	9702910116_THERABREATH ORAL RINSE MINT	0.087890	0.382352	0.076500	0.203801
39057	Data/annotations/csv/Product9/IMG_6409.JPG	9702910116_THERABREATH ORAL RINSE MINT	0.122560	0.329488	0.077138	0.150131
39058	Data/annotations/csv/Product9/IMG_6391.JPG	9702910116_THERABREATH ORAL RINSE MINT	0.042030	0.378980	0.084059	0.232339
39059	Data/annotations/csv/Product9/IMG_6390.JPG	9702910116_THERABREATH ORAL RINSE MINT	0.029624	0.389060	0.059248	0.247281
39060	Data/annotations/csv/Product9/IMG_6411.JPG	9702910116_THERABREATH ORAL RINSE MINT	0.124925	0.353572	0.070890	0.149175
39061	Data/annotations/csv/Product9/IMG_6399.JPG	9702910116_THERABREATH ORAL RINSE MINT	0.016451	0.341260	0.032902	0.202008
39062	Data/annotations/csv/Product9/IMG_6414.JPG	9702910116_THERABREATH ORAL RINSE MINT	0.033911	0.339392	0.067822	0.213662
39063	Data/annotations/csv/Product9/IMG_6394.JPG	9702910116_THERABREATH ORAL RINSE MINT	0.106051	0.357551	0.056738	0.194119
39064	Data/annotations/csv/Product9/IMG_6404.JPG	9702910116_THERABREATH ORAL RINSE MINT	0.035742	0.291497	0.071484	0.225317
39065	Data/annotations/csv/Product9/IMG_6392.JPG	9702910116_THERABREATH ORAL RINSE MINT	0.070967	0.370174	0.081600	0.218503
39066	Data/annotations/csv/Product9/IMG_6408.JPG	9702910116_THERABREATH ORAL RINSE MINT	0.205403	0.343508	0.071400	0.142290
39067	Data/annotations/csv/Product9/IMG_6413.JPG	9702910116_THERABREATH ORAL RINSE MINT	0.072070	0.339338	0.084660	0.180540
39068	Data/annotations/csv/Product9/IMG_6396.JPG	9702910116_THERABREATH ORAL RINSE MINT	0.081201	0.359486	0.045390	0.187808
39069	Data/annotations/csv/Product9/IMG_6405.JPG	9702910116_THERABREATH ORAL RINSE MINT	0.146310	0.304764	0.094350	0.192685
39070	Data/annotations/csv/Product9/IMG_6407.JPG	9702910116_THERABREATH ORAL RINSE MINT	0.278516	0.329309	0.072930	0.153000
39071	Data/annotations/csv/Product9/IMG_6398.JPG	9702910116_THERABREATH ORAL RINSE MINT	0.060483	0.346024	0.072038	0.194119
39072	Data/annotations/csv/Product9/IMG_6397.JPG	9702910116_THERABREATH ORAL RINSE MINT	0.028942	0.336246	0.057885	0.197944
39073	Data/annotations/csv/Product9/IMG_6412.JPG	9702910116_THERABREATH ORAL RINSE MINT	0.095592	0.327360	0.073313	0.161128
39074	Data/annotations/csv/Product9/IMG_6406.JPG	9702910116_THERABREATH ORAL RINSE MINT	0.242175	0.319377	0.080070	0.164475
39075	Data/annotations/csv/Product9/IMG_6395.JPG	9702910116_THERABREATH ORAL RINSE MINT	0.112252	0.375779	0.048450	0.184556
39076	Data/annotations/csv/Product9/IMG_6410.JPG	9702910116_THERABREATH ORAL RINSE MINT	0.021108	0.336120	0.042217	0.168539
40076	Data/annotations/csv/Product16/IMG_6656.JPG	9702910116_THERABREATH ORAL RINSE MINT	0.930234	0.433952	0.139533	0.306127
40077	Data/annotations/csv/Product16/IMG_6658.JPG	9702910116_THERABREATH ORAL RINSE MINT	0.818625	0.395963	0.128896	0.285412
40078	Data/annotations/csv/Product16/IMG_6652.JPG	9702910116_THERABREATH ORAL RINSE MINT	0.915309	0.386895	0.169382	0.431570
40079	Data/annotations/csv/Product16/IMG_6620.JPG	9702910116_THERABREATH ORAL RINSE MINT	0.908665	0.378540	0.182670	0.394168
40080	Data/annotations/csv/Product16/IMG_6615.JPG	9702910116_THERABREATH ORAL RINSE MINT	0.917990	0.359944	0.164020	0.325692
40081	Data/annotations/csv/Product16/IMG_6616.JPG	9702910116_THERABREATH ORAL RINSE MINT	0.825770	0.352628	0.164189	0.306127
40082	Data/annotations/csv/Product16/IMG_6653.JPG	9702910116_THERABREATH ORAL RINSE MINT	0.951221	0.457197	0.097558	0.315046
40083	Data/annotations/csv/Product16/IMG_6613.JPG	9702910116_THERABREATH ORAL RINSE MINT	0.912293	0.364956	0.139637	0.277356
40084	Data/annotations/csv/Product16/IMG_6619.JPG	9702910116_THERABREATH ORAL RINSE MINT	0.890040	0.362116	0.182602	0.364821
40085	Data/annotations/csv/Product16/IMG_6618.JPG	9702910116_THERABREATH ORAL RINSE MINT	0.823551	0.389937	0.164189	0.323390
40086	Data/annotations/csv/Product16/IMG_6617.JPG	9702910116_THERABREATH ORAL RINSE MINT	0.790618	0.364323	0.155902	0.317636
40087	Data/annotations/csv/Product16/IMG_6612.JPG	9702910116_THERABREATH ORAL RINSE MINT	0.943950	0.384322	0.112099	0.283398
40088	Data/annotations/csv/Product16/IMG_6614.JPG	9702910116_THERABREATH ORAL RINSE MINT	0.916072	0.369021	0.163038	0.299222
40089	Data/annotations/csv/Product16/IMG_6654.JPG	9702910116_THERABREATH ORAL RINSE MINT	0.940253	0.467664	0.119493	0.313608
40090	Data/annotations/csv/Product16/IMG_6655.JPG	9702910116_THERABREATH ORAL RINSE MINT	0.948281	0.498464	0.103439	0.302099
40091	Data/annotations/csv/Product16/IMG_6657.JPG	9702910116_THERABREATH ORAL RINSE MINT	0.836410	0.422789	0.144240	0.279658
40092	Data/annotations/csv/Product16/IMG_6602.JPG	9702910116_THERABREATH ORAL RINSE MINT	0.948229	0.387139	0.103542	0.327993
40093	Data/annotations/csv/Product16/IMG_6598.JPG	9702910116_THERABREATH ORAL RINSE MINT	0.905561	0.475930	0.188878	0.427974
40094	Data/annotations/csv/Product16/IMG_6630.JPG	9702910116_THERABREATH ORAL RINSE MINT	0.840918	0.400014	0.131965	0.292317
40095	Data/annotations/csv/Product16/IMG_6601.JPG	9702910116_THERABREATH ORAL RINSE MINT	0.948630	0.371409	0.102740	0.377624
40096	Data/annotations/csv/Product16/IMG_6629.JPG	9702910116_THERABREATH ORAL RINSE MINT	0.806200	0.400110	0.129471	0.303897
40097	Data/annotations/csv/Product16/IMG_6631.JPG	9702910116_THERABREATH ORAL RINSE MINT	0.935794	0.396941	0.128412	0.310731
40098	Data/annotations/csv/Product16/IMG_6628.JPG	9702910116_THERABREATH ORAL RINSE MINT	0.758098	0.417564	0.132348	0.323678
40099	Data/annotations/csv/Product16/IMG_6599.JPG	9702910116_THERABREATH ORAL RINSE MINT	0.896826	0.447584	0.206348	0.389852
40100	Data/annotations/csv/Product16/IMG_6627.JPG	9702910116_THERABREATH ORAL RINSE MINT	0.761934	0.419266	0.148652	0.329072
40101	Data/annotations/csv/Product16/IMG_6611.JPG	9702910116_THERABREATH ORAL RINSE MINT	0.960505	0.355794	0.078991	0.271889
40102	Data/annotations/csv/Product16/IMG_6626.JPG	9702910116_THERABREATH ORAL RINSE MINT	0.829317	0.424044	0.164956	0.363958
40103	Data/annotations/csv/Product16/IMG_6597.JPG	9702910116_THERABREATH ORAL RINSE MINT	0.873744	0.482980	0.222498	0.432721
40104	Data/annotations/csv/Product16/IMG_6600.JPG	9702910116_THERABREATH ORAL RINSE MINT	0.917580	0.408064	0.164841	0.358203
40105	Data/annotations/csv/Product16/IMG_6625.JPG	9702910116_THERABREATH ORAL RINSE MINT	0.831987	0.406706	0.184137	0.380933
40106	Data/annotations/csv/Product16/IMG_6621.JPG	9702910116_THERABREATH ORAL RINSE MINT	0.904172	0.352117	0.191657	0.402799
40107	Data/annotations/csv/Product16/IMG_6596.JPG	9702910116_THERABREATH ORAL RINSE MINT	0.908681	0.467979	0.182638	0.447395
40108	Data/annotations/csv/Product16/IMG_6624.JPG	9702910116_THERABREATH ORAL RINSE MINT	0.861944	0.402108	0.184616	0.390211
40109	Data/annotations/csv/Product16/IMG_6610.JPG	9702910116_THERABREATH ORAL RINSE MINT	0.944069	0.354279	0.111863	0.243981
40110	Data/annotations/csv/Product16/IMG_6623.JPG	9702910116_THERABREATH ORAL RINSE MINT	0.917263	0.385809	0.165474	0.421213
40111	Data/annotations/csv/Product16/IMG_6609.JPG	9702910116_THERABREATH ORAL RINSE MINT	0.967997	0.367387	0.064007	0.249505
40112	Data/annotations/csv/Product16/IMG_6622.JPG	9702910116_THERABREATH ORAL RINSE MINT	0.902118	0.373656	0.195764	0.422939
54249	Data/annotations/csv/Product7/IMG_6187.JPG	9702910116_THERABREATH ORAL RINSE MINT	0.477507	0.536213	0.235016	0.535790
54250	Data/annotations/csv/Product7/IMG_6149.JPG	9702910116_THERABREATH ORAL RINSE MINT	0.709695	0.368600	0.196729	0.394080
54251	Data/annotations/csv/Product7/IMG_6188.JPG	9702910116_THERABREATH ORAL RINSE MINT	0.436536	0.536423	0.256806	0.569642
54252	Data/annotations/csv/Product7/IMG_6194.JPG	9702910116_THERABREATH ORAL RINSE MINT	0.498715	0.377408	0.253693	0.538125
54253	Data/annotations/csv/Product7/IMG_6139.JPG	9702910116_THERABREATH ORAL RINSE MINT	0.455191	0.379557	0.255249	0.578980
54254	Data/annotations/csv/Product7/IMG_6184.JPG	9702910116_THERABREATH ORAL RINSE MINT	0.523448	0.347687	0.194239	0.419854
54255	Data/annotations/csv/Product7/IMG_6137.JPG	9702910116_THERABREATH ORAL RINSE MINT	0.369143	0.406571	0.246534	0.552833
54256	Data/annotations/csv/Product7/IMG_6224.JPG	9702910116_THERABREATH ORAL RINSE MINT	0.671717	0.312948	0.234082	0.506141
54257	Data/annotations/csv/Product7/IMG_6200.JPG	9702910116_THERABREATH ORAL RINSE MINT	0.575703	0.483803	0.192844	0.407004
54258	Data/annotations/csv/Product7/IMG_6190.JPG	9702910116_THERABREATH ORAL RINSE MINT	0.421418	0.516503	0.249024	0.567774
54259	Data/annotations/csv/Product7/IMG_6234.JPG	9702910116_THERABREATH ORAL RINSE MINT	0.365063	0.427374	0.402718	0.834619
54260	Data/annotations/csv/Product7/IMG_6150.JPG	9702910116_THERABREATH ORAL RINSE MINT	0.735049	0.344927	0.159375	0.337116
54261	Data/annotations/csv/Product7/IMG_6128.JPG	9702910116_THERABREATH ORAL RINSE MINT	0.454828	0.422228	0.359917	0.815285
54262	Data/annotations/csv/Product7/IMG_6130.JPG	9702910116_THERABREATH ORAL RINSE MINT	0.552059	0.413305	0.280152	0.652754
54263	Data/annotations/csv/Product7/IMG_6140.JPG	9702910116_THERABREATH ORAL RINSE MINT	0.465526	0.353576	0.259919	0.564973
54264	Data/annotations/csv/Product7/IMG_6223.JPG	9702910116_THERABREATH ORAL RINSE MINT	0.639722	0.332888	0.192246	0.410889
54265	Data/annotations/csv/Product7/IMG_6129.JPG	9702910116_THERABREATH ORAL RINSE MINT	0.556141	0.476007	0.723725	0.952014
54266	Data/annotations/csv/Product7/IMG_6217.JPG	9702910116_THERABREATH ORAL RINSE MINT	0.662466	0.388477	0.116663	0.240019
54267	Data/annotations/csv/Product7/IMG_6183.JPG	9702910116_THERABREATH ORAL RINSE MINT	0.468513	0.345794	0.186270	0.394454
54268	Data/annotations/csv/Product7/IMG_6144.JPG	9702910116_THERABREATH ORAL RINSE MINT	0.687849	0.268380	0.192993	0.455247
54269	Data/annotations/csv/Product7/IMG_6141.JPG	9702910116_THERABREATH ORAL RINSE MINT	0.548993	0.327374	0.250269	0.565906
54270	Data/annotations/csv/Product7/IMG_6199.JPG	9702910116_THERABREATH ORAL RINSE MINT	0.450992	0.512342	0.197227	0.416866
54271	Data/annotations/csv/Product7/IMG_6185.JPG	9702910116_THERABREATH ORAL RINSE MINT	0.517435	0.369463	0.205445	0.461083
54272	Data/annotations/csv/Product7/IMG_6192.JPG	9702910116_THERABREATH ORAL RINSE MINT	0.546022	0.483036	0.207188	0.461690
54273	Data/annotations/csv/Product7/IMG_6138.JPG	9702910116_THERABREATH ORAL RINSE MINT	0.372892	0.382500	0.254860	0.574895
54274	Data/annotations/csv/Product7/IMG_6143.JPG	9702910116_THERABREATH ORAL RINSE MINT	0.671881	0.292352	0.216339	0.512444
54275	Data/annotations/csv/Product7/IMG_6146.JPG	9702910116_THERABREATH ORAL RINSE MINT	0.768298	0.404550	0.174317	0.396882
54276	Data/annotations/csv/Product7/IMG_6196.JPG	9702910116_THERABREATH ORAL RINSE MINT	0.567655	0.486657	0.219141	0.450484
54277	Data/annotations/csv/Product7/IMG_6131.JPG	9702910116_THERABREATH ORAL RINSE MINT	0.576042	0.403997	0.286377	0.647851
54278	Data/annotations/csv/Product7/IMG_6195.JPG	9702910116_THERABREATH ORAL RINSE MINT	0.504841	0.418973	0.228106	0.498297
54279	Data/annotations/csv/Product7/IMG_6142.JPG	9702910116_THERABREATH ORAL RINSE MINT	0.615425	0.295470	0.235016	0.549798
54280	Data/annotations/csv/Product7/IMG_6220.JPG	9702910116_THERABREATH ORAL RINSE MINT	0.680492	0.384891	0.144075	0.305522
54281	Data/annotations/csv/Product7/IMG_6222.JPG	9702910116_THERABREATH ORAL RINSE MINT	0.669081	0.344159	0.163360	0.361582
54282	Data/annotations/csv/Product7/IMG_6218.JPG	9702910116_THERABREATH ORAL RINSE MINT	0.675651	0.378056	0.120488	0.257710
54283	Data/annotations/csv/Product7/IMG_6219.JPG	9702910116_THERABREATH ORAL RINSE MINT	0.697745	0.377727	0.137860	0.292254
54284	Data/annotations/csv/Product7/IMG_6147.JPG	9702910116_THERABREATH ORAL RINSE MINT	0.749064	0.403523	0.175313	0.393707
54285	Data/annotations/csv/Product7/IMG_6186.JPG	9702910116_THERABREATH ORAL RINSE MINT	0.572542	0.491236	0.219452	0.482094
54286	Data/annotations/csv/Product7/IMG_6193.JPG	9702910116_THERABREATH ORAL RINSE MINT	0.497868	0.359775	0.249024	0.549097
54287	Data/annotations/csv/Product7/IMG_6235.JPG	9702910116_THERABREATH ORAL RINSE MINT	0.437695	0.433409	0.414391	0.866818
54288	Data/annotations/csv/Product7/IMG_6145.JPG	9702910116_THERABREATH ORAL RINSE MINT	0.687084	0.302002	0.178052	0.411823
54289	Data/annotations/csv/Product7/IMG_6191.JPG	9702910116_THERABREATH ORAL RINSE MINT	0.535202	0.520292	0.245288	0.514545
54290	Data/annotations/csv/Product7/IMG_6198.JPG	9702910116_THERABREATH ORAL RINSE MINT	0.584549	0.510339	0.204797	0.417762
54291	Data/annotations/csv/Product7/IMG_6236.JPG	9702910116_THERABREATH ORAL RINSE MINT	0.449108	0.437118	0.425578	0.874236
54292	Data/annotations/csv/Product7/IMG_6148.JPG	9702910116_THERABREATH ORAL RINSE MINT	0.714912	0.405002	0.195484	0.394080
54293	Data/annotations/csv/Product7/IMG_6197.JPG	9702910116_THERABREATH ORAL RINSE MINT	0.592146	0.523183	0.224121	0.428072
54294	Data/annotations/csv/Product7/IMG_6221.JPG	9702910116_THERABREATH ORAL RINSE MINT	0.677783	0.385198	0.154594	0.332895
54295	Data/annotations/csv/Product7/IMG_6233.JPG	9702910116_THERABREATH ORAL RINSE MINT	0.423927	0.438365	0.395179	0.837509
54296	Data/annotations/csv/Product7/IMG_6151.JPG	9702910116_THERABREATH ORAL RINSE MINT	0.612443	0.354005	0.159375	0.321241
54297	Data/annotations/csv/Product7/IMG_6201.JPG	9702910116_THERABREATH ORAL RINSE MINT	0.557502	0.467573	0.171328	0.362330
54298	Data/annotations/csv/Product7/IMG_6174.JPG	9702910116_THERABREATH ORAL RINSE MINT	0.382944	0.331732	0.072038	0.190772
54299	Data/annotations/csv/Product7/IMG_6159.JPG	9702910116_THERABREATH ORAL RINSE MINT	0.350185	0.355206	0.136266	0.307793
54300	Data/annotations/csv/Product7/IMG_6173.JPG	9702910116_THERABREATH ORAL RINSE MINT	0.429970	0.332086	0.068850	0.189816
54301	Data/annotations/csv/Product7/IMG_6206.JPG	9702910116_THERABREATH ORAL RINSE MINT	0.528411	0.316426	0.097219	0.223524
54302	Data/annotations/csv/Product7/IMG_6160.JPG	9702910116_THERABREATH ORAL RINSE MINT	0.390323	0.340051	0.136266	0.296438
54303	Data/annotations/csv/Product7/IMG_6213.JPG	9702910116_THERABREATH ORAL RINSE MINT	0.617784	0.384168	0.094860	0.202343
54304	Data/annotations/csv/Product7/IMG_6133.JPG	9702910116_THERABREATH ORAL RINSE MINT	0.553170	0.401855	0.272370	0.613999
54305	Data/annotations/csv/Product7/IMG_6135.JPG	9702910116_THERABREATH ORAL RINSE MINT	0.519354	0.382249	0.257989	0.567774
54306	Data/annotations/csv/Product7/IMG_6172.JPG	9702910116_THERABREATH ORAL RINSE MINT	0.473599	0.319541	0.077775	0.194119
54307	Data/annotations/csv/Product7/IMG_6161.JPG	9702910116_THERABREATH ORAL RINSE MINT	0.474440	0.324603	0.132481	0.283140
54308	Data/annotations/csv/Product7/IMG_6231.JPG	9702910116_THERABREATH ORAL RINSE MINT	0.431437	0.426243	0.410500	0.852485
54309	Data/annotations/csv/Product7/IMG_6229.JPG	9702910116_THERABREATH ORAL RINSE MINT	0.452826	0.403138	0.393769	0.806277
54310	Data/annotations/csv/Product7/IMG_6171.JPG	9702910116_THERABREATH ORAL RINSE MINT	0.504709	0.338420	0.089250	0.202725
54311	Data/annotations/csv/Product7/IMG_6158.JPG	9702910116_THERABREATH ORAL RINSE MINT	0.249124	0.366237	0.131485	0.304207
54312	Data/annotations/csv/Product7/IMG_6207.JPG	9702910116_THERABREATH ORAL RINSE MINT	0.501947	0.305362	0.101203	0.223524
54313	Data/annotations/csv/Product7/IMG_6212.JPG	9702910116_THERABREATH ORAL RINSE MINT	0.537316	0.382895	0.098940	0.203873
54314	Data/annotations/csv/Product7/IMG_6170.JPG	9702910116_THERABREATH ORAL RINSE MINT	0.564562	0.331041	0.102000	0.215157
54315	Data/annotations/csv/Product7/IMG_6163.JPG	9702910116_THERABREATH ORAL RINSE MINT	0.497185	0.339009	0.125508	0.252510
54316	Data/annotations/csv/Product7/IMG_6169.JPG	9702910116_THERABREATH ORAL RINSE MINT	0.479998	0.339537	0.119213	0.244322
54317	Data/annotations/csv/Product7/IMG_6208.JPG	9702910116_THERABREATH ORAL RINSE MINT	0.531609	0.314343	0.119213	0.244322
54318	Data/annotations/csv/Product7/IMG_6211.JPG	9702910116_THERABREATH ORAL RINSE MINT	0.511993	0.382702	0.103594	0.223524
54319	Data/annotations/csv/Product7/IMG_6164.JPG	9702910116_THERABREATH ORAL RINSE MINT	0.533494	0.315871	0.122719	0.253407
54320	Data/annotations/csv/Product7/IMG_6168.JPG	9702910116_THERABREATH ORAL RINSE MINT	0.509416	0.326564	0.122719	0.252211
54321	Data/annotations/csv/Product7/IMG_6230.JPG	9702910116_THERABREATH ORAL RINSE MINT	0.413597	0.417142	0.412446	0.834284
54322	Data/annotations/csv/Product7/IMG_6167.JPG	9702910116_THERABREATH ORAL RINSE MINT	0.540136	0.326362	0.117141	0.246832
54323	Data/annotations/csv/Product7/IMG_6165.JPG	9702910116_THERABREATH ORAL RINSE MINT	0.522601	0.323086	0.117141	0.251614
54324	Data/annotations/csv/Product7/IMG_6209.JPG	9702910116_THERABREATH ORAL RINSE MINT	0.548475	0.340917	0.131485	0.276416
54325	Data/annotations/csv/Product7/IMG_6210.JPG	9702910116_THERABREATH ORAL RINSE MINT	0.531417	0.359170	0.114750	0.250060
54326	Data/annotations/csv/Product7/IMG_6134.JPG	9702910116_THERABREATH ORAL RINSE MINT	0.522698	0.373458	0.269257	0.604661
54327	Data/annotations/csv/Product7/IMG_6162.JPG	9702910116_THERABREATH ORAL RINSE MINT	0.486164	0.320070	0.133875	0.274325
54328	Data/annotations/csv/Product7/IMG_6205.JPG	9702910116_THERABREATH ORAL RINSE MINT	0.498596	0.305504	0.106463	0.240497
54329	Data/annotations/csv/Product7/IMG_6228.JPG	9702910116_THERABREATH ORAL RINSE MINT	0.654534	0.416436	0.338672	0.753608
54330	Data/annotations/csv/Product7/IMG_6214.JPG	9702910116_THERABREATH ORAL RINSE MINT	0.687481	0.404476	0.101490	0.196605
54331	Data/annotations/csv/Product7/IMG_6182.JPG	9702910116_THERABREATH ORAL RINSE MINT	0.446289	0.324007	0.166348	0.355606
54332	Data/annotations/csv/Product7/IMG_6225.JPG	9702910116_THERABREATH ORAL RINSE MINT	0.650871	0.360183	0.258362	0.554467
54333	Data/annotations/csv/Product7/IMG_6152.JPG	9702910116_THERABREATH ORAL RINSE MINT	0.549071	0.342953	0.158379	0.324229
54334	Data/annotations/csv/Product7/IMG_6181.JPG	9702910116_THERABREATH ORAL RINSE MINT	0.473805	0.293710	0.142641	0.298828
54335	Data/annotations/csv/Product7/IMG_6202.JPG	9702910116_THERABREATH ORAL RINSE MINT	0.535725	0.402268	0.143189	0.308167
54336	Data/annotations/csv/Product7/IMG_6216.JPG	9702910116_THERABREATH ORAL RINSE MINT	0.689975	0.406347	0.108375	0.225675
54337	Data/annotations/csv/Product7/IMG_6180.JPG	9702910116_THERABREATH ORAL RINSE MINT	0.476856	0.286648	0.141525	0.301697
54338	Data/annotations/csv/Product7/IMG_6166.JPG	9702910116_THERABREATH ORAL RINSE MINT	0.495984	0.332118	0.110766	0.246832
54339	Data/annotations/csv/Product7/IMG_6153.JPG	9702910116_THERABREATH ORAL RINSE MINT	0.525338	0.315748	0.161865	0.340851
54340	Data/annotations/csv/Product7/IMG_6226.JPG	9702910116_THERABREATH ORAL RINSE MINT	0.720492	0.374731	0.291047	0.628007
54341	Data/annotations/csv/Product7/IMG_6179.JPG	9702910116_THERABREATH ORAL RINSE MINT	0.475653	0.273303	0.141047	0.303012
54342	Data/annotations/csv/Product7/IMG_6203.JPG	9702910116_THERABREATH ORAL RINSE MINT	0.483900	0.326302	0.128297	0.288071
54343	Data/annotations/csv/Product7/IMG_6154.JPG	9702910116_THERABREATH ORAL RINSE MINT	0.470381	0.320148	0.157781	0.346043
54344	Data/annotations/csv/Product7/IMG_6175.JPG	9702910116_THERABREATH ORAL RINSE MINT	0.437963	0.304693	0.082238	0.205116
54345	Data/annotations/csv/Product7/IMG_6189.JPG	9702910116_THERABREATH ORAL RINSE MINT	0.392518	0.499987	0.256806	0.588319
54346	Data/annotations/csv/Product7/IMG_6177.JPG	9702910116_THERABREATH ORAL RINSE MINT	0.523827	0.287520	0.105825	0.225197
54347	Data/annotations/csv/Product7/IMG_6232.JPG	9702910116_THERABREATH ORAL RINSE MINT	0.453384	0.421026	0.406609	0.842052
54348	Data/annotations/csv/Product7/IMG_6215.JPG	9702910116_THERABREATH ORAL RINSE MINT	0.691051	0.425270	0.100406	0.199617
54349	Data/annotations/csv/Product7/IMG_6157.JPG	9702910116_THERABREATH ORAL RINSE MINT	0.273771	0.364755	0.132281	0.308989
54350	Data/annotations/csv/Product7/IMG_6178.JPG	9702910116_THERABREATH ORAL RINSE MINT	0.513796	0.279704	0.122719	0.260578
54351	Data/annotations/csv/Product7/IMG_6132.JPG	9702910116_THERABREATH ORAL RINSE MINT	0.554993	0.413011	0.271436	0.607929
54352	Data/annotations/csv/Product7/IMG_6176.JPG	9702910116_THERABREATH ORAL RINSE MINT	0.502620	0.311917	0.091800	0.209897
54353	Data/annotations/csv/Product7/IMG_6155.JPG	9702910116_THERABREATH ORAL RINSE MINT	0.418557	0.349783	0.149414	0.329458
54354	Data/annotations/csv/Product7/IMG_6227.JPG	9702910116_THERABREATH ORAL RINSE MINT	0.761997	0.415935	0.312836	0.664193
54355	Data/annotations/csv/Product7/IMG_6136.JPG	9702910116_THERABREATH ORAL RINSE MINT	0.418500	0.408943	0.231592	0.535090
54356	Data/annotations/csv/Product7/IMG_6204.JPG	9702910116_THERABREATH ORAL RINSE MINT	0.471093	0.297958	0.117938	0.266555
54357	Data/annotations/csv/Product7/IMG_6156.JPG	9702910116_THERABREATH ORAL RINSE MINT	0.325117	0.347644	0.137461	0.308540
